{
    "root_group": {
        "groups": {},
        "checks": {
                "302": {
                    "fails": 0,
                    "name": "302",
                    "path": "::302",
                    "id": "b1c55e52941fe35ae0963d9d315a965d",
                    "passes": 25625
                }
            },
        "name": "",
        "path": "",
        "id": "d41d8cd98f00b204e9800998ecf8427e"
    },
    "metrics": {
        "iteration_duration": {
            "avg": 577.4585948487828,
            "min": 0,
            "med": 2.1498,
            "max": 6114.104,
            "p(90)": 2855.420860000004,
            "p(95)": 4756.475080000001
        },
        "dropped_iterations": {
            "count": 875,
            "rate": 43.743601623390546
        },
        "vus_max": {
            "value": 734,
            "min": 227,
            "max": 734
        },
        "http_req_blocked": {
            "avg": 1.2330929795121945,
            "min": 0,
            "med": 0,
            "max": 961.8631,
            "p(90)": 1.1495,
            "p(95)": 1.9468
        },
        "http_req_waiting": {
            "avg": 546.2956793209681,
            "min": 0,
            "med": 1.1729,
            "max": 6051.3356,
            "p(90)": 2764.615480000015,
            "p(95)": 4680.55718
        },
        "data_sent": {
            "count": 2564456,
            "rate": 128204.04759395844
        },
        "iterations": {
            "count": 5125,
            "rate": 256.21252379414466
        },
        "checks": {
            "passes": 25625,
            "fails": 0,
            "thresholds": {
                "rate>0.99": false
            },
            "value": 1
        },
        "http_req_receiving": {
            "max": 437.4245,
            "p(90)": 0.9987,
            "p(95)": 48.154799999999646,
            "avg": 4.747404667317058,
            "min": 0,
            "med": 0
        },
        "http_req_failed": {
            "passes": 0,
            "fails": 25625,
            "value": 0
        },
        "http_req_duration": {
            "p(95)": 4696.433579999999,
            "avg": 551.1963314302392,
            "min": 0,
            "med": 1.3044,
            "max": 6112.5734,
            "p(90)": 2807.5674,
            "thresholds": {
                "p(95)<300": true
            }
        },
        "http_reqs": {
            "count": 25625,
            "rate": 1281.0626189707232
        },
        "http_req_duration{expected_response:true}": {
            "min": 0,
            "med": 1.3044,
            "max": 6112.5734,
            "p(90)": 2807.5674,
            "p(95)": 4696.433579999999,
            "avg": 551.1963314302392
        },
        "http_req_connecting": {
            "max": 956.9205,
            "p(90)": 1.0089,
            "p(95)": 1.6667399999999999,
            "avg": 1.105980191219512,
            "min": 0,
            "med": 0
        },
        "vus": {
            "value": 1,
            "min": 0,
            "max": 728
        },
        "http_req_sending": {
            "avg": 0.15324744195121962,
            "min": 0,
            "med": 0,
            "max": 134.3783,
            "p(90)": 0,
            "p(95)": 0.5169599999999999
        },
        "http_req_tls_handshaking": {
            "min": 0,
            "med": 0,
            "max": 0,
            "p(90)": 0,
            "p(95)": 0,
            "avg": 0
        },
        "data_received": {
            "count": 7776580,
            "rate": 388772.134299916
        }
    }
}