{
    "root_group": {
        "name": "",
        "path": "",
        "id": "d41d8cd98f00b204e9800998ecf8427e",
        "groups": {},
        "checks": {
                "302": {
                    "id": "b1c55e52941fe35ae0963d9d315a965d",
                    "passes": 267512,
                    "fails": 2488,
                    "name": "302",
                    "path": "::302"
                }
            }
    },
    "metrics": {
        "iteration_duration": {
            "p(90)": 2.8080499999999993,
            "p(95)": 5.195799999999991,
            "avg": 15.741971468518452,
            "min": 0,
            "med": 1.0646,
            "max": 2722.9555
        },
        "http_req_duration": {
            "avg": 1.3818225829629143,
            "min": 0,
            "med": 0.5568,
            "max": 655.9348,
            "p(90)": 1.2158,
            "p(95)": 1.7655,
            "thresholds": {
                "p(95)<300": false
            }
        },
        "http_req_waiting": {
            "p(95)": 1.538604999999999,
            "avg": 1.2910816466666082,
            "min": 0,
            "med": 0.5482,
            "max": 655.9348,
            "p(90)": 1.0943
        },
        "http_req_tls_handshaking": {
            "p(90)": 0,
            "p(95)": 0,
            "avg": 0,
            "min": 0,
            "med": 0,
            "max": 0
        },
        "http_req_receiving": {
            "avg": 0.0646396648148147,
            "min": 0,
            "med": 0,
            "max": 194.139,
            "p(90)": 0,
            "p(95)": 0.5119
        },
        "data_sent": {
            "count": 26753156,
            "rate": 445876.5624942449
        },
        "vus_max": {
            "value": 700,
            "min": 700,
            "max": 700
        },
        "vus": {
            "min": 0,
            "max": 441,
            "value": 10
        },
        "http_req_blocked": {
            "p(90)": 0,
            "p(95)": 0,
            "avg": 0.0445133785185183,
            "min": 0,
            "med": 0,
            "max": 65.7898
        },
        "iterations": {
            "count": 54000,
            "rate": 899.981085397522
        },
        "http_req_connecting": {
            "min": 0,
            "med": 0,
            "max": 53.1431,
            "p(90)": 0,
            "p(95)": 0,
            "avg": 0.025345995925925957
        },
        "http_req_failed": {
            "passes": 2488,
            "fails": 267512,
            "value": 0.009214814814814815
        },
        "data_received": {
            "count": 81136419,
            "rate": 1352245.230312743
        },
        "http_req_sending": {
            "avg": 0.0261012714814816,
            "min": 0,
            "med": 0,
            "max": 151.1619,
            "p(90)": 0,
            "p(95)": 0
        },
        "checks": {
            "passes": 267512,
            "fails": 2488,
            "thresholds": {
                "rate>0.99": false
            },
            "value": 0.9907851851851852
        },
        "http_reqs": {
            "count": 270000,
            "rate": 4499.90542698761
        },
        "http_req_duration{expected_response:true}": {
            "p(90)": 1.2211,
            "p(95)": 1.7744,
            "avg": 1.394674247884158,
            "min": 0,
            "med": 0.5577,
            "max": 655.9348
        }
    }
}