{
    "root_group": {
        "name": "",
        "path": "",
        "id": "d41d8cd98f00b204e9800998ecf8427e",
        "groups": {},
        "checks": {
                "302": {
                    "name": "302",
                    "path": "::302",
                    "id": "b1c55e52941fe35ae0963d9d315a965d",
                    "passes": 330166,
                    "fails": 14654
                }
            }
    },
    "metrics": {
        "data_sent": {
            "count": 33007642,
            "rate": 550077.7661544925
        },
        "http_req_duration": {
            "p(95)": 35.9295,
            "avg": 13.565572569168106,
            "min": 0,
            "med": 0.9641,
            "max": 7064.373,
            "p(90)": 6.446140000000014,
            "thresholds": {
                "p(95)<300": false
            }
        },
        "http_reqs": {
            "rate": 5746.481839732512,
            "count": 344820
        },
        "http_req_failed": {
            "passes": 14654,
            "fails": 330166,
            "value": 0.04249753494576881
        },
        "iteration_duration": {
            "max": 26576.6396,
            "p(90)": 100.7319200000002,
            "p(95)": 443.1874799999992,
            "avg": 517.8544364944252,
            "min": 0,
            "med": 1.94135
        },
        "vus_max": {
            "min": 900,
            "max": 2014,
            "value": 2014
        },
        "http_req_duration{expected_response:true}": {
            "min": 0,
            "med": 0.999,
            "max": 7064.373,
            "p(90)": 7.00795,
            "p(95)": 40.2432,
            "avg": 14.16766333692914
        },
        "http_req_receiving": {
            "avg": 0.7301654231193087,
            "min": 0,
            "med": 0,
            "max": 598.0215,
            "p(90)": 0,
            "p(95)": 0.9307049999999988
        },
        "iterations": {
            "count": 68964,
            "rate": 1149.2963679465022
        },
        "http_req_tls_handshaking": {
            "p(90)": 0,
            "p(95)": 0,
            "avg": 0,
            "min": 0,
            "med": 0,
            "max": 0
        },
        "http_req_blocked": {
            "p(95)": 0,
            "avg": 0.7433943898265712,
            "min": 0,
            "med": 0,
            "max": 608.4463,
            "p(90)": 0
        },
        "http_req_sending": {
            "max": 476.7979,
            "p(90)": 0,
            "p(95)": 0,
            "avg": 0.2150698810973849,
            "min": 0,
            "med": 0
        },
        "http_req_waiting": {
            "avg": 12.620337264951507,
            "min": 0,
            "med": 0.7692,
            "max": 7061.255,
            "p(90)": 5.107060000000021,
            "p(95)": 31.1575
        },
        "dropped_iterations": {
            "count": 3037,
            "rate": 50.612102973341564
        },
        "http_req_connecting": {
            "avg": 0.5344918241401284,
            "min": 0,
            "med": 0,
            "max": 421.1747,
            "p(90)": 0,
            "p(95)": 0
        },
        "checks": {
            "passes": 330166,
            "fails": 14654,
            "thresholds": {
                "rate>0.99": true
            },
            "value": 0.9575024650542312
        },
        "data_received": {
            "count": 100133199,
            "rate": 1668736.1800586442
        },
        "vus": {
            "value": 4,
            "min": 0,
            "max": 1917
        }
    }
}